admin_id,username,password
1,admin_sarah,f68d957e6544d8f8d354a93cbd79fceb
2,admin_john,9c42a1346e333a770904b2a2b37fa7d3
3,admin_lisa,7d9389b83047396d2e5cfa54ce487717
4,admin_michael,e8f2e3362cfb7f4ba9d9e4f566855b64
5,admin_emily,5ebe2294ecd0e0f08eab7690d2a6ee69
6,admin_david,289dff07669d7a23de0ef88d2f7129e7
7,admin_michelle,99b1ff8f11781541f12166dad0a75a9c
8,admin_robert,1f3870be274f6c49b3e31a0c6728957f
9,admin_jessica,5d41402abc4b2a76b9719d911017c592
10,admin_paul,0d107d09f5bbe40cade3de5c71e9e9b7
11,admin_jennifer,78842815cb48efcb2b9697cc91073da5
12,admin_kevin,81dc9bdb52d04dc20036dbd8313ed055
13,admin_amanda,55a7e1a8533e2dc3cf5ff24b5260b143
14,admin_ben,3ae27f99ffdab9b77e3c36d934a15eab
15,admin_natalie,e10adc3949ba59abbe56e057f20f883e
16,admin_chris,d8578edf8458ce06fbc5bb76a58c5ca4
17,admin_rachel,0dd70df94d29ad5b4b91df1b0ecacd89
18,admin_brandon,5f4dcc3b5aa765d61d8327deb882cf99
19,admin_olivia,d9b1d7db4cd6e70935368a1efb10e377
20,admin_mark,827ccb0eea8a706c4c34a16891f84e7b
21,admin_sophia,d8578edf8458ce06fbc5bb76a58c5ca4
22,admin_thomas,4297f44b13955235245b2497399d7a93
23,admin_emma,b59c67bf196a4758191e42f76670ceba
24,admin_jason,934b535800b1cba8f96a5d72f72f1611
25,admin_claire,d93591bdf7860e1e4ee2fca799911215
26,admin_alex,6c44e5cd17f0019c64b042e4a745412a
27,admin_grace,482c811da5d5b4bc6d497ffa98491e38
28,admin_ryan,5cc32e366c87c4cb49e4309b75f57d64
29,admin_hannah,25d55ad283aa400af464c76d713c07ad
30,admin_nicholas,5f365b568cb7e56842aadcf84c05bbb0
31,admin_lauren,43e9a4ab51f9fab3645b9a61870eec3d
32,admin_eric,306a943e77957db46cc54e5b170dc926
33,admin_megan,4a7d1ed414474e4033ac29ccb8653d9b
34,admin_brian,21232f297a57a5a743894a0e4a801fc3
35,admin_taylor,fb1eaf2bd9f2a7653d5d577610f61a42
36,admin_sean,4094cef367b21b763d639e1124fbb1f9
37,admin_caitlin,250cf8b51c773f3f8dc8b4be867a9a02
38,admin_adam,5f4dcc3b5aa765d61d8327deb882cf99
39,admin_victoria,5ebe2294ecd0e0f08eab7690d2a6ee69
40,admin_justin,c33367701511b4f6020ec61ded352059
41,admin_natasha,3d68b18bd9042ad3dc79643bde1ff351
42,admin_aaron,5ebe2294ecd0e0f08eab7690d2a6ee69
43,admin_kelly,8621ffdbc5698829397d97767ac13db3
44,admin_william,d8578edf8458ce06fbc5bb76a58c5ca4
45,admin_samantha,1a1dc91c907325c69271ddf0c944bc72
46,admin_kyle,670b14728ad9902aecba32e22fa4f6bd
47,admin_julia,25f9e794323b453885f5181f1b624d0b
48,admin_daniel,5f4dcc3b5aa765d61d8327deb882cf99
49,admin_ashley,5ebe2294ecd0e0f08eab7690d2a6ee69
50,admin_patrick,4297f44b13955235245b2497399d7a93
